type,peak_angles
difração,44.76216407879255
Ni,45.01723453575973
none,44.89133652507394
