type,peak_angles
difração,44.32747601224408
Ni,44.58254646921125
none,44.456648458525464
