type,peak_angles
difração,43.892787946416
Ni,44.147858403383175
none,44.02196039269739
