type,peak_angles
Ni,44.147858403383175
difração,43.892787946416
none,44.02196039269739
